GrupoA,001,0,0
GrupoA,002,0,0
GrupoA,003,0,0
GrupoA,004,0,0
GrupoA,005,0,0
GrupoA,006,0,0
GrupoA,007,0,0
GrupoA,008,0,0
GrupoA,009,0,0
GrupoA,010,0,0
GrupoA,011,0,0
GrupoA,012,0,0
GrupoA,013,0,0
GrupoA,014,0,0
GrupoA,015,0,0
GrupoA,016,0,0
GrupoA,017,0,0
GrupoA,018,0,0
GrupoA,019,0,0
GrupoA,020,0,0
GrupoA,021,0,0
GrupoA,022,0,0
GrupoA,023,0,0
GrupoA,024,0,0
GrupoA,025,0,0
GrupoA,026,0,1
GrupoA,027,0,0
GrupoA,028,0,0
GrupoA,029,0,0
GrupoA,030,0,0
GrupoA,031,0,0
GrupoA,032,0,0
GrupoA,033,0,0
GrupoA,034,0,0
GrupoA,035,0,0
GrupoA,036,0,0
GrupoA,037,0,0
GrupoA,038,0,0
GrupoA,039,0,0
GrupoA,040,0,0
GrupoA,041,0,0
GrupoA,042,0,0
GrupoA,043,0,0
GrupoA,044,0,0
GrupoA,045,0,0
GrupoA,046,0,0
GrupoA,047,0,0
GrupoA,048,0,0
GrupoA,049,0,0
GrupoA,050,0,0
GrupoA,051,0,0
GrupoA,052,0,0
GrupoA,053,0,0
GrupoA,054,0,0
GrupoA,055,0,0
GrupoA,056,0,0
GrupoA,057,0,0
GrupoA,058,0,0
GrupoA,059,0,0
GrupoA,060,0,0
GrupoA,061,0,0
GrupoA,062,0,0
GrupoA,063,0,0
GrupoA,064,0,0
GrupoA,065,0,0
GrupoA,066,0,0
GrupoA,067,0,0
GrupoA,068,0,0
GrupoA,069,0,0
GrupoA,070,0,0
GrupoA,071,0,0
GrupoA,072,0,0
GrupoA,073,0,0
GrupoA,074,0,0
GrupoA,075,0,0
GrupoA,076,0,0
GrupoA,077,0,0
GrupoA,078,0,1
GrupoA,079,0,1
GrupoA,080,0,0
GrupoA,085,0,0
GrupoA,086,0,0
GrupoA,089,0,0
GrupoA,090,0,0
GrupoA,092,0,0
GrupoA,093,0,0
GrupoA,094,0,0
GrupoA,095,0,0
GrupoA,096,0,0
GrupoA,097,0,0
GrupoA,098,0,0
GrupoA,099,0,0
GrupoA,100,0,0
GrupoA,101,0,0
GrupoA,102,0,0
GrupoA,103,0,0
GrupoA,104,0,0
GrupoB,001,0,0
GrupoB,002,0,0
GrupoB,003,0,0
GrupoB,004,0,0
GrupoB,005,0,0
GrupoB,006,0,0
GrupoB,007,0,0
GrupoB,008,0,0
GrupoB,009,0,0
GrupoB,010,0,0
GrupoB,011,0,0
GrupoB,012,0,0
GrupoB,013,0,0
GrupoB,014,0,0
GrupoB,015,0,0
GrupoB,016,0,0
GrupoB,017,0,0
GrupoB,018,0,0
GrupoB,019,0,0
GrupoB,020,0,0
GrupoB,021,0,0
GrupoB,022,0,0
GrupoB,023,0,0
GrupoB,024,0,0
GrupoB,025,0,0
GrupoB,026,0,0
GrupoB,027,0,0
GrupoB,028,0,0
GrupoB,029,0,0
GrupoB,030,0,0
GrupoB,031,0,0
GrupoB,032,0,0
GrupoB,033,0,0
GrupoB,034,0,0
GrupoB,035,0,0
GrupoB,036,0,0
GrupoB,037,0,0
GrupoB,038,0,0
GrupoB,039,0,0
GrupoB,040,0,0
GrupoB,041,0,0
GrupoB,042,0,0
GrupoB,043,0,0
GrupoB,044,0,0
GrupoB,045,0,0
GrupoB,046,0,0
GrupoB,047,0,0
GrupoB,048,0,0
GrupoB,049,0,0
GrupoB,050,0,0
GrupoB,051,0,0
GrupoB,052,0,0
GrupoB,053,0,0
GrupoB,054,0,0
GrupoB,055,0,0
GrupoB,056,0,0
GrupoB,057,0,0
GrupoB,058,0,0
GrupoB,059,0,0
GrupoB,060,0,0
GrupoB,061,0,0
GrupoB,062,0,0
GrupoB,063,0,0
GrupoB,064,0,0
GrupoB,065,0,0
GrupoB,066,0,0
GrupoB,067,0,0
GrupoB,068,0,0
GrupoB,069,0,0
GrupoB,070,0,0
GrupoB,071,0,0
GrupoB,072,0,0
GrupoB,073,0,0
GrupoB,074,0,0
GrupoB,075,0,0
GrupoB,076,0,0
GrupoB,077,0,0
GrupoB,078,0,0
GrupoB,079,0,0
GrupoB,080,0,0
GrupoB,085,0,0
GrupoB,086,0,0
GrupoB,089,0,0
GrupoB,090,0,0
GrupoB,092,0,0
GrupoB,093,0,0
GrupoB,094,0,0
GrupoB,095,0,0
GrupoB,096,0,0
GrupoB,097,0,0
GrupoB,098,0,0
GrupoB,099,0,0
GrupoB,100,0,0
GrupoB,101,0,0
GrupoB,102,0,1
GrupoB,103,0,0
GrupoB,104,0,0
GrupoC,001,0,0
GrupoC,002,0,0
GrupoC,003,0,0
GrupoC,004,0,0
GrupoC,005,0,0
GrupoC,006,0,0
GrupoC,007,0,0
GrupoC,008,0,0
GrupoC,009,0,0
GrupoC,010,0,0
GrupoC,011,0,0
GrupoC,012,0,0
GrupoC,013,0,0
GrupoC,014,0,0
GrupoC,015,0,0
GrupoC,016,0,0
GrupoC,017,0,0
GrupoC,018,0,0
GrupoC,019,0,0
GrupoC,020,0,0
GrupoC,021,0,0
GrupoC,022,0,0
GrupoC,023,0,0
GrupoC,024,0,0
GrupoC,025,0,0
GrupoC,026,0,0
GrupoC,027,0,0
GrupoC,028,0,0
GrupoC,029,0,0
GrupoC,030,0,0
GrupoC,031,0,0
GrupoC,032,0,0
GrupoC,033,0,0
GrupoC,034,0,0
GrupoC,035,0,0
GrupoC,036,0,0
GrupoC,037,0,0
GrupoC,038,0,0
GrupoC,039,0,0
GrupoC,040,0,0
GrupoC,041,0,0
GrupoC,042,0,0
GrupoC,043,0,0
GrupoC,044,0,0
GrupoC,045,0,0
GrupoC,046,0,0
GrupoC,047,0,0
GrupoC,048,0,0
GrupoC,049,0,0
GrupoC,050,0,0
GrupoC,051,0,0
GrupoC,052,0,0
GrupoC,053,0,0
GrupoC,054,0,0
GrupoC,055,0,0
GrupoC,056,0,0
GrupoC,057,0,0
GrupoC,058,0,0
GrupoC,059,0,0
GrupoC,060,0,0
GrupoC,061,0,0
GrupoC,062,0,0
GrupoC,063,0,0
GrupoC,064,0,0
GrupoC,065,0,0
GrupoC,066,0,0
GrupoC,067,0,0
GrupoC,068,0,0
GrupoC,069,0,0
GrupoC,070,0,0
GrupoC,071,0,0
GrupoC,072,0,1
GrupoC,073,0,1
GrupoC,074,0,0
GrupoC,075,0,0
GrupoC,076,0,0
GrupoC,077,0,0
GrupoC,078,0,0
GrupoC,079,0,0
GrupoC,080,0,0
GrupoC,085,0,0
GrupoC,086,0,0
GrupoC,089,0,1
GrupoC,090,0,0
GrupoC,092,0,0
GrupoC,093,0,1
GrupoC,094,0,0
GrupoC,095,0,0
GrupoC,096,0,0
GrupoC,097,0,0
GrupoC,098,0,0
GrupoC,099,0,0
GrupoC,100,0,0
GrupoC,101,0,0
GrupoC,102,0,0
GrupoC,103,0,0
GrupoC,104,0,0
GrupoD,001,0,0
GrupoD,002,0,0
GrupoD,003,0,0
GrupoD,004,0,0
GrupoD,005,0,0
GrupoD,006,0,0
GrupoD,007,0,0
GrupoD,008,0,0
GrupoD,009,0,0
GrupoD,010,0,0
GrupoD,011,0,0
GrupoD,012,0,0
GrupoD,013,0,0
GrupoD,014,0,0
GrupoD,015,0,0
GrupoD,016,0,0
GrupoD,017,0,0
GrupoD,018,0,0
GrupoD,019,0,0
GrupoD,020,0,0
GrupoD,021,0,0
GrupoD,022,0,0
GrupoD,023,0,0
GrupoD,024,0,0
GrupoD,025,0,0
GrupoD,026,0,0
GrupoD,027,0,0
GrupoD,028,0,0
GrupoD,029,0,0
GrupoD,030,0,0
GrupoD,031,0,1
GrupoD,032,0,1
GrupoD,033,0,0
GrupoD,034,0,0
GrupoD,035,0,0
GrupoD,036,0,0
GrupoD,037,0,0
GrupoD,038,0,0
GrupoD,039,0,0
GrupoD,040,0,0
GrupoD,041,0,0
GrupoD,042,0,0
GrupoD,043,0,1
GrupoD,044,0,1
GrupoD,045,0,0
GrupoD,046,0,1
GrupoD,047,0,0
GrupoD,048,0,0
GrupoD,049,0,0
GrupoD,050,0,0
GrupoD,051,0,0
GrupoD,052,0,0
GrupoD,053,0,0
GrupoD,054,0,0
GrupoD,055,0,0
GrupoD,056,0,0
GrupoD,057,0,0
GrupoD,058,0,1
GrupoD,059,0,1
GrupoD,060,0,1
GrupoD,061,0,0
GrupoD,062,0,0
GrupoD,063,0,0
GrupoD,064,0,0
GrupoD,065,0,0
GrupoD,066,0,0
GrupoD,067,0,0
GrupoD,068,0,0
GrupoD,069,0,0
GrupoD,070,0,0
GrupoD,071,0,0
GrupoD,072,0,0
GrupoD,073,0,0
GrupoD,074,0,1
GrupoD,075,0,1
GrupoD,076,0,1
GrupoD,077,0,0
GrupoD,078,0,1
GrupoD,079,0,1
GrupoD,080,0,1
GrupoD,085,0,0
GrupoD,086,0,0
GrupoD,089,0,0
GrupoD,090,0,1
GrupoD,092,0,0
GrupoD,093,0,0
GrupoD,094,0,0
GrupoD,095,0,0
GrupoD,096,0,1
GrupoD,097,0,1
GrupoD,098,0,1
GrupoD,099,0,1
GrupoD,100,0,1
GrupoD,101,0,0
GrupoD,102,0,1
GrupoD,103,0,1
GrupoD,104,0,0
GrupoE,001,0,0
GrupoE,002,0,0
GrupoE,003,0,0
GrupoE,004,0,0
GrupoE,005,0,0
GrupoE,006,0,0
GrupoE,007,0,0
GrupoE,008,0,0
GrupoE,009,0,0
GrupoE,010,0,0
GrupoE,011,0,0
GrupoE,012,0,0
GrupoE,013,0,0
GrupoE,014,0,0
GrupoE,015,0,0
GrupoE,016,0,0
GrupoE,017,0,0
GrupoE,018,0,0
GrupoE,019,0,0
GrupoE,020,0,0
GrupoE,021,0,0
GrupoE,022,0,0
GrupoE,023,0,0
GrupoE,024,0,0
GrupoE,025,0,0
GrupoE,026,0,0
GrupoE,027,0,0
GrupoE,028,0,0
GrupoE,029,0,0
GrupoE,030,0,0
GrupoE,031,0,1
GrupoE,032,0,1
GrupoE,033,0,0
GrupoE,034,0,0
GrupoE,035,0,0
GrupoE,036,0,0
GrupoE,037,0,0
GrupoE,038,0,0
GrupoE,039,0,0
GrupoE,040,0,0
GrupoE,041,0,0
GrupoE,042,0,1
GrupoE,043,0,0
GrupoE,044,0,0
GrupoE,045,0,1
GrupoE,046,0,0
GrupoE,047,0,1
GrupoE,048,0,0
GrupoE,049,0,0
GrupoE,050,0,0
GrupoE,051,0,0
GrupoE,052,0,0
GrupoE,053,0,0
GrupoE,054,0,0
GrupoE,055,0,0
GrupoE,056,0,0
GrupoE,057,0,0
GrupoE,058,0,1
GrupoE,059,0,1
GrupoE,060,0,1
GrupoE,061,0,0
GrupoE,062,0,1
GrupoE,063,0,1
GrupoE,064,0,0
GrupoE,065,0,1
GrupoE,066,0,1
GrupoE,067,0,0
GrupoE,068,0,0
GrupoE,069,0,0
GrupoE,070,0,0
GrupoE,071,0,0
GrupoE,072,0,0
GrupoE,073,0,0
GrupoE,074,0,1
GrupoE,075,0,0
GrupoE,076,0,0
GrupoE,077,0,1
GrupoE,078,0,1
GrupoE,079,0,0
GrupoE,080,0,0
GrupoE,085,0,0
GrupoE,086,0,0
GrupoE,089,0,0
GrupoE,090,0,0
GrupoE,092,0,0
GrupoE,093,0,0
GrupoE,094,0,0
GrupoE,095,0,0
GrupoE,096,0,1
GrupoE,097,0,1
GrupoE,098,0,1
GrupoE,099,0,1
GrupoE,100,0,0
GrupoE,101,0,0
GrupoE,102,0,0
GrupoE,103,0,1
GrupoE,104,0,1
GrupoF,001,0,0
GrupoF,002,0,0
GrupoF,003,0,0
GrupoF,004,0,0
GrupoF,005,0,0
GrupoF,006,0,0
GrupoF,007,0,0
GrupoF,008,0,0
GrupoF,009,0,0
GrupoF,010,0,0
GrupoF,011,0,0
GrupoF,012,0,0
GrupoF,013,0,0
GrupoF,014,0,0
GrupoF,015,0,0
GrupoF,016,0,0
GrupoF,017,0,0
GrupoF,018,0,0
GrupoF,019,0,0
GrupoF,020,0,0
GrupoF,021,0,0
GrupoF,022,0,0
GrupoF,023,0,0
GrupoF,024,0,0
GrupoF,025,0,0
GrupoF,026,0,0
GrupoF,027,0,0
GrupoF,028,0,0
GrupoF,029,0,0
GrupoF,030,0,0
GrupoF,031,0,0
GrupoF,032,0,0
GrupoF,033,0,0
GrupoF,034,0,0
GrupoF,035,0,0
GrupoF,036,0,0
GrupoF,037,0,0
GrupoF,038,0,0
GrupoF,039,0,0
GrupoF,040,0,0
GrupoF,041,0,0
GrupoF,042,0,0
GrupoF,043,0,0
GrupoF,044,0,0
GrupoF,045,0,0
GrupoF,046,0,0
GrupoF,047,0,0
GrupoF,048,0,0
GrupoF,049,0,0
GrupoF,050,0,0
GrupoF,051,0,0
GrupoF,052,0,0
GrupoF,053,0,0
GrupoF,054,0,0
GrupoF,055,0,0
GrupoF,056,0,0
GrupoF,057,0,0
GrupoF,058,0,0
GrupoF,059,0,0
GrupoF,060,0,0
GrupoF,061,0,0
GrupoF,062,0,0
GrupoF,063,0,0
GrupoF,064,0,0
GrupoF,065,0,0
GrupoF,066,0,0
GrupoF,067,0,0
GrupoF,068,0,0
GrupoF,069,0,0
GrupoF,070,0,0
GrupoF,071,0,0
GrupoF,072,0,0
GrupoF,073,0,0
GrupoF,074,0,0
GrupoF,075,0,0
GrupoF,076,0,0
GrupoF,077,0,0
GrupoF,078,0,0
GrupoF,079,0,0
GrupoF,080,0,0
GrupoF,085,0,0
GrupoF,086,0,0
GrupoF,089,0,0
GrupoF,090,0,0
GrupoF,092,0,0
GrupoF,093,0,0
GrupoF,094,0,0
GrupoF,095,0,0
GrupoF,096,0,0
GrupoF,097,0,0
GrupoF,098,0,1
GrupoF,099,0,1
GrupoF,100,0,1
GrupoF,101,0,0
GrupoF,102,0,0
GrupoF,103,0,0
GrupoF,104,0,1
GrupoG,001,0,0
GrupoG,002,0,0
GrupoG,003,0,0
GrupoG,004,0,0
GrupoG,005,0,0
GrupoG,006,0,0
GrupoG,007,0,0
GrupoG,008,0,0
GrupoG,009,0,0
GrupoG,010,0,0
GrupoG,011,0,0
GrupoG,012,0,0
GrupoG,013,0,0
GrupoG,014,0,0
GrupoG,015,0,0
GrupoG,016,0,0
GrupoG,017,0,0
GrupoG,018,0,0
GrupoG,019,0,0
GrupoG,020,0,0
GrupoG,021,0,0
GrupoG,022,0,0
GrupoG,023,0,0
GrupoG,024,0,0
GrupoG,025,0,0
GrupoG,026,0,0
GrupoG,027,0,0
GrupoG,028,0,0
GrupoG,029,0,0
GrupoG,030,0,0
GrupoG,031,0,0
GrupoG,032,0,0
GrupoG,033,0,0
GrupoG,034,0,0
GrupoG,035,0,0
GrupoG,036,0,0
GrupoG,037,0,0
GrupoG,038,0,0
GrupoG,039,0,0
GrupoG,040,0,0
GrupoG,041,0,0
GrupoG,042,0,0
GrupoG,043,0,0
GrupoG,044,0,0
GrupoG,045,0,0
GrupoG,046,0,0
GrupoG,047,0,0
GrupoG,048,0,0
GrupoG,049,0,0
GrupoG,050,0,0
GrupoG,051,0,0
GrupoG,052,0,0
GrupoG,053,0,0
GrupoG,054,0,0
GrupoG,055,0,0
GrupoG,056,0,0
GrupoG,057,0,0
GrupoG,058,0,0
GrupoG,059,0,0
GrupoG,060,0,0
GrupoG,061,0,0
GrupoG,062,0,0
GrupoG,063,0,0
GrupoG,064,0,0
GrupoG,065,0,0
GrupoG,066,0,0
GrupoG,067,0,0
GrupoG,068,0,0
GrupoG,069,0,0
GrupoG,070,0,0
GrupoG,071,0,0
GrupoG,072,0,0
GrupoG,073,0,0
GrupoG,074,0,0
GrupoG,075,0,0
GrupoG,076,0,0
GrupoG,077,0,0
GrupoG,078,0,0
GrupoG,079,0,0
GrupoG,080,0,0
GrupoG,085,0,0
GrupoG,086,0,0
GrupoG,089,0,0
GrupoG,090,0,0
GrupoG,092,0,0
GrupoG,093,0,0
GrupoG,094,0,0
GrupoG,095,0,0
GrupoG,096,0,0
GrupoG,097,0,0
GrupoG,098,0,1
GrupoG,099,0,1
GrupoG,100,0,0
GrupoG,101,0,0
GrupoG,102,0,0
GrupoG,103,0,0
GrupoG,104,0,0
GrupoH,001,0,0
GrupoH,002,0,0
GrupoH,003,0,0
GrupoH,004,0,0
GrupoH,005,0,0
GrupoH,006,0,0
GrupoH,007,0,0
GrupoH,008,0,0
GrupoH,009,0,0
GrupoH,010,0,0
GrupoH,011,0,0
GrupoH,012,0,0
GrupoH,013,0,0
GrupoH,014,0,0
GrupoH,015,0,0
GrupoH,016,0,0
GrupoH,017,0,0
GrupoH,018,0,0
GrupoH,019,0,0
GrupoH,020,0,0
GrupoH,021,0,0
GrupoH,022,0,0
GrupoH,023,0,0
GrupoH,024,0,0
GrupoH,025,0,0
GrupoH,026,0,0
GrupoH,027,0,0
GrupoH,028,0,0
GrupoH,029,0,0
GrupoH,030,0,0
GrupoH,031,0,0
GrupoH,032,0,0
GrupoH,033,0,0
GrupoH,034,0,0
GrupoH,035,0,0
GrupoH,036,0,0
GrupoH,037,0,0
GrupoH,038,0,0
GrupoH,039,0,0
GrupoH,040,0,0
GrupoH,041,0,0
GrupoH,042,0,0
GrupoH,043,0,0
GrupoH,044,0,0
GrupoH,045,0,0
GrupoH,046,0,0
GrupoH,047,0,0
GrupoH,048,0,0
GrupoH,049,0,0
GrupoH,050,0,0
GrupoH,051,0,0
GrupoH,052,0,0
GrupoH,053,0,0
GrupoH,054,0,0
GrupoH,055,0,0
GrupoH,056,0,0
GrupoH,057,0,0
GrupoH,058,0,0
GrupoH,059,0,0
GrupoH,060,0,0
GrupoH,061,0,0
GrupoH,062,0,0
GrupoH,063,0,0
GrupoH,064,0,0
GrupoH,065,0,0
GrupoH,066,0,0
GrupoH,067,0,0
GrupoH,068,0,0
GrupoH,069,0,0
GrupoH,070,0,0
GrupoH,071,0,0
GrupoH,072,0,0
GrupoH,073,0,0
GrupoH,074,0,0
GrupoH,075,0,0
GrupoH,076,0,0
GrupoH,077,0,0
GrupoH,078,0,0
GrupoH,079,0,0
GrupoH,080,0,0
GrupoH,085,0,0
GrupoH,086,0,0
GrupoH,089,0,0
GrupoH,090,0,0
GrupoH,092,0,0
GrupoH,093,0,0
GrupoH,094,0,0
GrupoH,095,0,0
GrupoH,096,0,0
GrupoH,097,0,0
GrupoH,098,0,0
GrupoH,099,0,0
GrupoH,100,0,0
GrupoH,101,0,0
GrupoH,102,0,0
GrupoH,103,0,0
GrupoH,104,0,0
GrupoJ,001,0,0
GrupoJ,002,0,0
GrupoJ,003,0,0
GrupoJ,004,0,0
GrupoJ,005,0,0
GrupoJ,006,0,0
GrupoJ,007,0,0
GrupoJ,008,0,0
GrupoJ,009,0,0
GrupoJ,010,0,0
GrupoJ,011,0,0
GrupoJ,012,0,0
GrupoJ,013,0,0
GrupoJ,014,0,0
GrupoJ,015,0,0
GrupoJ,016,0,0
GrupoJ,017,0,0
GrupoJ,018,0,0
GrupoJ,019,0,0
GrupoJ,020,0,0
GrupoJ,021,0,0
GrupoJ,022,0,0
GrupoJ,023,0,0
GrupoJ,024,0,0
GrupoJ,025,0,0
GrupoJ,026,0,0
GrupoJ,027,0,0
GrupoJ,028,0,0
GrupoJ,029,0,0
GrupoJ,030,0,0
GrupoJ,031,0,0
GrupoJ,032,0,0
GrupoJ,033,0,0
GrupoJ,034,0,0
GrupoJ,035,0,0
GrupoJ,036,0,0
GrupoJ,037,0,0
GrupoJ,038,0,0
GrupoJ,039,0,0
GrupoJ,040,0,0
GrupoJ,041,0,0
GrupoJ,042,0,0
GrupoJ,043,0,0
GrupoJ,044,0,0
GrupoJ,045,0,0
GrupoJ,046,0,0
GrupoJ,047,0,0
GrupoJ,048,0,0
GrupoJ,049,0,0
GrupoJ,050,0,0
GrupoJ,051,0,0
GrupoJ,052,0,0
GrupoJ,053,0,0
GrupoJ,054,0,0
GrupoJ,055,0,0
GrupoJ,056,0,0
GrupoJ,057,0,0
GrupoJ,058,0,0
GrupoJ,059,0,0
GrupoJ,060,0,0
GrupoJ,061,0,0
GrupoJ,062,0,0
GrupoJ,063,0,0
GrupoJ,064,0,0
GrupoJ,065,0,0
GrupoJ,066,0,0
GrupoJ,067,0,0
GrupoJ,068,0,0
GrupoJ,069,0,0
GrupoJ,070,0,0
GrupoJ,071,0,0
GrupoJ,072,0,0
GrupoJ,073,0,0
GrupoJ,074,0,0
GrupoJ,075,0,0
GrupoJ,076,0,0
GrupoJ,077,0,0
GrupoJ,078,0,0
GrupoJ,079,0,0
GrupoJ,080,0,0
GrupoJ,085,0,0
GrupoJ,086,0,0
GrupoJ,089,0,0
GrupoJ,090,0,0
GrupoJ,092,0,1
GrupoJ,093,0,0
GrupoJ,094,0,0
GrupoJ,095,0,0
GrupoJ,096,0,0
GrupoJ,097,0,0
GrupoJ,098,0,0
GrupoJ,099,0,0
GrupoJ,100,0,0
GrupoJ,101,0,0
GrupoJ,102,0,0
GrupoJ,103,0,0
GrupoJ,104,0,0
GrupoK,001,0,0
GrupoK,002,0,0
GrupoK,003,0,0
GrupoK,004,0,0
GrupoK,005,0,0
GrupoK,006,0,0
GrupoK,007,0,0
GrupoK,008,0,0
GrupoK,009,0,0
GrupoK,010,0,0
GrupoK,011,0,0
GrupoK,012,0,0
GrupoK,013,0,0
GrupoK,014,0,0
GrupoK,015,0,0
GrupoK,016,0,0
GrupoK,017,0,0
GrupoK,018,0,0
GrupoK,019,0,0
GrupoK,020,0,0
GrupoK,021,0,0
GrupoK,022,0,0
GrupoK,023,0,0
GrupoK,024,0,0
GrupoK,025,0,0
GrupoK,026,0,0
GrupoK,027,0,0
GrupoK,028,0,0
GrupoK,029,0,0
GrupoK,030,0,0
GrupoK,031,0,1
GrupoK,032,0,1
GrupoK,033,0,0
GrupoK,034,0,0
GrupoK,035,0,0
GrupoK,036,0,0
GrupoK,037,0,0
GrupoK,038,0,0
GrupoK,039,0,0
GrupoK,040,0,0
GrupoK,041,0,0
GrupoK,042,0,0
GrupoK,043,0,1
GrupoK,044,0,1
GrupoK,045,0,0
GrupoK,046,0,1
GrupoK,047,0,0
GrupoK,048,0,0
GrupoK,049,0,0
GrupoK,050,0,0
GrupoK,051,0,0
GrupoK,052,0,0
GrupoK,053,0,0
GrupoK,054,0,0
GrupoK,055,0,0
GrupoK,056,0,0
GrupoK,057,0,0
GrupoK,058,0,1
GrupoK,059,0,1
GrupoK,060,0,1
GrupoK,061,0,0
GrupoK,062,0,0
GrupoK,063,0,0
GrupoK,064,0,0
GrupoK,065,0,1
GrupoK,066,0,1
GrupoK,067,0,0
GrupoK,068,0,0
GrupoK,069,0,0
GrupoK,070,0,0
GrupoK,071,0,0
GrupoK,072,0,1
GrupoK,073,0,1
GrupoK,074,0,0
GrupoK,075,0,1
GrupoK,076,0,1
GrupoK,077,0,0
GrupoK,078,0,1
GrupoK,079,0,1
GrupoK,080,0,1
GrupoK,085,0,0
GrupoK,086,0,0
GrupoK,089,0,1
GrupoK,090,0,1
GrupoK,092,0,0
GrupoK,093,0,1
GrupoK,094,0,1
GrupoK,095,0,0
GrupoK,096,0,1
GrupoK,097,0,1
GrupoK,098,0,1
GrupoK,099,0,1
GrupoK,100,0,1
GrupoK,101,0,0
GrupoK,102,0,0
GrupoK,103,0,1
GrupoK,104,0,1
GrupoL,001,0,0
GrupoL,002,0,0
GrupoL,003,0,0
GrupoL,004,0,0
GrupoL,005,0,0
GrupoL,006,0,0
GrupoL,007,0,0
GrupoL,008,0,0
GrupoL,009,0,0
GrupoL,010,0,0
GrupoL,011,0,0
GrupoL,012,0,0
GrupoL,013,0,0
GrupoL,014,0,0
GrupoL,015,0,0
GrupoL,016,0,0
GrupoL,017,0,0
GrupoL,018,0,0
GrupoL,019,0,0
GrupoL,020,0,0
GrupoL,021,0,0
GrupoL,022,0,0
GrupoL,023,0,0
GrupoL,024,0,0
GrupoL,025,0,0
GrupoL,026,0,0
GrupoL,027,0,0
GrupoL,028,0,0
GrupoL,029,0,0
GrupoL,030,0,0
GrupoL,031,0,0
GrupoL,032,0,0
GrupoL,033,0,0
GrupoL,034,0,0
GrupoL,035,0,0
GrupoL,036,0,0
GrupoL,037,0,0
GrupoL,038,0,0
GrupoL,039,0,0
GrupoL,040,0,0
GrupoL,041,0,0
GrupoL,042,0,0
GrupoL,043,0,0
GrupoL,044,0,0
GrupoL,045,0,0
GrupoL,046,0,0
GrupoL,047,0,0
GrupoL,048,0,0
GrupoL,049,0,0
GrupoL,050,0,0
GrupoL,051,0,0
GrupoL,052,0,0
GrupoL,053,0,0
GrupoL,054,0,0
GrupoL,055,0,0
GrupoL,056,0,0
GrupoL,057,0,0
GrupoL,058,0,0
GrupoL,059,0,0
GrupoL,060,0,0
GrupoL,061,0,0
GrupoL,062,0,1
GrupoL,063,0,1
GrupoL,064,0,0
GrupoL,065,0,1
GrupoL,066,0,1
GrupoL,067,0,0
GrupoL,068,0,0
GrupoL,069,0,0
GrupoL,070,0,0
GrupoL,071,0,0
GrupoL,072,0,0
GrupoL,073,0,0
GrupoL,074,0,0
GrupoL,075,0,1
GrupoL,076,0,0
GrupoL,077,0,0
GrupoL,078,0,0
GrupoL,079,0,0
GrupoL,080,0,0
GrupoL,085,0,0
GrupoL,086,0,0
GrupoL,089,0,0
GrupoL,090,0,0
GrupoL,092,0,0
GrupoL,093,0,0
GrupoL,094,0,0
GrupoL,095,0,0
GrupoL,096,0,1
GrupoL,097,0,1
GrupoL,098,0,0
GrupoL,099,0,1
GrupoL,100,0,0
GrupoL,101,0,0
GrupoL,102,0,1
GrupoL,103,0,0
GrupoL,104,0,0
GrupoM,001,0,0
GrupoM,002,0,0
GrupoM,003,0,0
GrupoM,004,0,0
GrupoM,005,0,0
GrupoM,006,0,0
GrupoM,007,0,0
GrupoM,008,0,0
GrupoM,009,0,0
GrupoM,010,0,0
GrupoM,011,0,0
GrupoM,012,0,0
GrupoM,013,0,0
GrupoM,014,0,0
GrupoM,015,0,0
GrupoM,016,0,0
GrupoM,017,0,0
GrupoM,018,0,0
GrupoM,019,0,0
GrupoM,020,0,0
GrupoM,021,0,0
GrupoM,022,0,0
GrupoM,023,0,0
GrupoM,024,0,0
GrupoM,025,0,0
GrupoM,026,0,0
GrupoM,027,0,0
GrupoM,028,0,0
GrupoM,029,0,0
GrupoM,030,0,0
GrupoM,031,0,0
GrupoM,032,0,0
GrupoM,033,0,0
GrupoM,034,0,0
GrupoM,035,0,0
GrupoM,036,0,0
GrupoM,037,0,0
GrupoM,038,0,1
GrupoM,039,0,0
GrupoM,040,0,0
GrupoM,041,0,0
GrupoM,042,0,0
GrupoM,043,0,0
GrupoM,044,0,0
GrupoM,045,0,0
GrupoM,046,0,0
GrupoM,047,0,0
GrupoM,048,0,0
GrupoM,049,0,0
GrupoM,050,0,0
GrupoM,051,0,0
GrupoM,052,0,0
GrupoM,053,0,0
GrupoM,054,0,0
GrupoM,055,0,0
GrupoM,056,0,0
GrupoM,057,0,0
GrupoM,058,0,0
GrupoM,059,0,0
GrupoM,060,0,0
GrupoM,061,0,0
GrupoM,062,0,0
GrupoM,063,0,0
GrupoM,064,0,0
GrupoM,065,0,0
GrupoM,066,0,0
GrupoM,067,0,0
GrupoM,068,0,0
GrupoM,069,0,0
GrupoM,070,0,0
GrupoM,071,0,0
GrupoM,072,0,0
GrupoM,073,0,0
GrupoM,074,0,0
GrupoM,075,0,0
GrupoM,076,0,0
GrupoM,077,0,0
GrupoM,078,0,1
GrupoM,079,0,1
GrupoM,080,0,0
GrupoM,085,0,0
GrupoM,086,0,0
GrupoM,089,0,0
GrupoM,090,0,0
GrupoM,092,0,0
GrupoM,093,0,0
GrupoM,094,0,0
GrupoM,095,0,1
GrupoM,096,0,0
GrupoM,097,0,0
GrupoM,098,0,0
GrupoM,099,0,0
GrupoM,100,0,0
GrupoM,101,0,0
GrupoM,102,0,1
GrupoM,103,0,0
GrupoM,104,0,0
GrupoO,001,0,0
GrupoO,002,0,0
GrupoO,003,0,0
GrupoO,004,0,0
GrupoO,005,0,0
GrupoO,006,0,0
GrupoO,007,0,0
GrupoO,008,0,0
GrupoO,009,0,0
GrupoO,010,0,0
GrupoO,011,0,0
GrupoO,012,0,0
GrupoO,013,0,0
GrupoO,014,0,0
GrupoO,015,0,0
GrupoO,016,0,0
GrupoO,017,0,0
GrupoO,018,0,0
GrupoO,019,0,0
GrupoO,020,0,0
GrupoO,021,0,0
GrupoO,022,0,0
GrupoO,023,0,0
GrupoO,024,0,0
GrupoO,025,0,0
GrupoO,026,0,0
GrupoO,027,0,0
GrupoO,028,0,0
GrupoO,029,0,0
GrupoO,030,0,0
GrupoO,031,0,0
GrupoO,032,0,0
GrupoO,033,0,0
GrupoO,034,0,0
GrupoO,035,0,0
GrupoO,036,0,0
GrupoO,037,0,0
GrupoO,038,0,0
GrupoO,039,0,0
GrupoO,040,0,0
GrupoO,041,0,0
GrupoO,042,0,0
GrupoO,043,0,0
GrupoO,044,0,0
GrupoO,045,0,0
GrupoO,046,0,0
GrupoO,047,0,0
GrupoO,048,0,0
GrupoO,049,0,0
GrupoO,050,0,0
GrupoO,051,0,0
GrupoO,052,0,0
GrupoO,053,0,0
GrupoO,054,0,0
GrupoO,055,0,0
GrupoO,056,0,0
GrupoO,057,0,0
GrupoO,058,0,0
GrupoO,059,0,0
GrupoO,060,0,0
GrupoO,061,0,0
GrupoO,062,0,0
GrupoO,063,0,0
GrupoO,064,0,0
GrupoO,065,0,0
GrupoO,066,0,0
GrupoO,067,0,0
GrupoO,068,0,0
GrupoO,069,0,0
GrupoO,070,0,0
GrupoO,071,0,0
GrupoO,072,0,0
GrupoO,073,0,0
GrupoO,074,0,0
GrupoO,075,0,0
GrupoO,076,0,0
GrupoO,077,0,0
GrupoO,078,0,0
GrupoO,079,0,0
GrupoO,080,0,0
GrupoO,085,0,0
GrupoO,086,0,0
GrupoO,089,0,0
GrupoO,090,0,0
GrupoO,092,0,0
GrupoO,093,0,0
GrupoO,094,0,0
GrupoO,095,0,0
GrupoO,096,0,0
GrupoO,097,0,0
GrupoO,098,0,0
GrupoO,099,0,0
GrupoO,100,0,0
GrupoO,101,0,0
GrupoO,102,0,0
GrupoO,103,0,0
GrupoO,104,0,0
GrupoP,001,0,0
GrupoP,002,0,0
GrupoP,003,0,0
GrupoP,004,0,0
GrupoP,005,0,0
GrupoP,006,0,0
GrupoP,007,0,0
GrupoP,008,0,0
GrupoP,009,0,0
GrupoP,010,0,0
GrupoP,011,0,0
GrupoP,012,0,0
GrupoP,013,0,0
GrupoP,014,0,0
GrupoP,015,0,0
GrupoP,016,0,0
GrupoP,017,0,0
GrupoP,018,0,0
GrupoP,019,0,0
GrupoP,020,0,0
GrupoP,021,0,0
GrupoP,022,0,0
GrupoP,023,0,0
GrupoP,024,0,0
GrupoP,025,0,0
GrupoP,026,0,0
GrupoP,027,0,0
GrupoP,028,0,0
GrupoP,029,0,0
GrupoP,030,0,0
GrupoP,031,0,0
GrupoP,032,0,0
GrupoP,033,0,0
GrupoP,034,0,0
GrupoP,035,0,0
GrupoP,036,0,0
GrupoP,037,0,0
GrupoP,038,0,0
GrupoP,039,0,0
GrupoP,040,0,0
GrupoP,041,0,0
GrupoP,042,0,0
GrupoP,043,0,0
GrupoP,044,0,0
GrupoP,045,0,0
GrupoP,046,0,0
GrupoP,047,0,0
GrupoP,048,0,0
GrupoP,049,0,0
GrupoP,050,0,0
GrupoP,051,0,0
GrupoP,052,0,0
GrupoP,053,0,0
GrupoP,054,0,0
GrupoP,055,0,0
GrupoP,056,0,0
GrupoP,057,0,0
GrupoP,058,0,0
GrupoP,059,0,0
GrupoP,060,0,0
GrupoP,061,0,0
GrupoP,062,0,0
GrupoP,063,0,0
GrupoP,064,0,0
GrupoP,065,0,0
GrupoP,066,0,0
GrupoP,067,0,0
GrupoP,068,0,0
GrupoP,069,0,0
GrupoP,070,0,0
GrupoP,071,0,0
GrupoP,072,0,0
GrupoP,073,0,0
GrupoP,074,0,0
GrupoP,075,0,0
GrupoP,076,0,0
GrupoP,077,0,0
GrupoP,078,0,0
GrupoP,079,0,0
GrupoP,080,0,0
GrupoP,085,0,0
GrupoP,086,0,0
GrupoP,089,0,0
GrupoP,090,0,0
GrupoP,092,0,0
GrupoP,093,0,0
GrupoP,094,0,0
GrupoP,095,0,0
GrupoP,096,0,0
GrupoP,097,0,0
GrupoP,098,0,0
GrupoP,099,0,0
GrupoP,100,0,0
GrupoP,101,0,0
GrupoP,102,0,0
GrupoP,103,0,0
GrupoP,104,0,0
GrupoQ,001,0,0
GrupoQ,002,0,0
GrupoQ,003,0,0
GrupoQ,004,0,0
GrupoQ,005,0,0
GrupoQ,006,0,0
GrupoQ,007,0,0
GrupoQ,008,0,0
GrupoQ,009,0,0
GrupoQ,010,0,0
GrupoQ,011,0,0
GrupoQ,012,0,0
GrupoQ,013,0,0
GrupoQ,014,0,0
GrupoQ,015,0,0
GrupoQ,016,0,0
GrupoQ,017,0,0
GrupoQ,018,0,0
GrupoQ,019,0,0
GrupoQ,020,0,0
GrupoQ,021,0,0
GrupoQ,022,0,0
GrupoQ,023,0,0
GrupoQ,024,0,0
GrupoQ,025,0,0
GrupoQ,026,0,0
GrupoQ,027,0,0
GrupoQ,028,0,0
GrupoQ,029,0,0
GrupoQ,030,0,0
GrupoQ,031,0,0
GrupoQ,032,0,0
GrupoQ,033,0,0
GrupoQ,034,0,0
GrupoQ,035,0,0
GrupoQ,036,0,0
GrupoQ,037,0,0
GrupoQ,038,0,0
GrupoQ,039,0,0
GrupoQ,040,0,0
GrupoQ,041,0,0
GrupoQ,042,0,0
GrupoQ,043,0,0
GrupoQ,044,0,0
GrupoQ,045,0,0
GrupoQ,046,0,0
GrupoQ,047,0,0
GrupoQ,048,0,0
GrupoQ,049,0,0
GrupoQ,050,0,0
GrupoQ,051,0,0
GrupoQ,052,0,0
GrupoQ,053,0,0
GrupoQ,054,0,0
GrupoQ,055,0,0
GrupoQ,056,0,0
GrupoQ,057,0,0
GrupoQ,058,0,0
GrupoQ,059,0,0
GrupoQ,060,0,0
GrupoQ,061,0,0
GrupoQ,062,0,1
GrupoQ,063,0,1
GrupoQ,064,0,0
GrupoQ,065,0,1
GrupoQ,066,0,1
GrupoQ,067,0,0
GrupoQ,068,0,0
GrupoQ,069,0,0
GrupoQ,070,0,0
GrupoQ,071,0,0
GrupoQ,072,0,0
GrupoQ,073,0,0
GrupoQ,074,0,0
GrupoQ,075,0,0
GrupoQ,076,0,0
GrupoQ,077,0,0
GrupoQ,078,0,0
GrupoQ,079,0,0
GrupoQ,080,0,0
GrupoQ,085,0,0
GrupoQ,086,0,0
GrupoQ,089,0,0
GrupoQ,090,0,0
GrupoQ,092,0,0
GrupoQ,093,0,0
GrupoQ,094,0,1
GrupoQ,095,0,0
GrupoQ,096,0,1
GrupoQ,097,0,1
GrupoQ,098,0,0
GrupoQ,099,0,1
GrupoQ,100,0,1
GrupoQ,101,0,0
GrupoQ,102,0,0
GrupoQ,103,0,0
GrupoQ,104,0,0
GrupoS,001,0,0
GrupoS,002,0,0
GrupoS,003,0,0
GrupoS,004,0,0
GrupoS,005,0,0
GrupoS,006,0,0
GrupoS,007,0,0
GrupoS,008,0,0
GrupoS,009,0,0
GrupoS,010,0,0
GrupoS,011,0,0
GrupoS,012,0,0
GrupoS,013,0,0
GrupoS,014,0,0
GrupoS,015,0,0
GrupoS,016,0,0
GrupoS,017,0,0
GrupoS,018,0,0
GrupoS,019,0,0
GrupoS,020,0,0
GrupoS,021,0,0
GrupoS,022,0,0
GrupoS,023,0,0
GrupoS,024,0,0
GrupoS,025,0,0
GrupoS,026,0,0
GrupoS,027,0,0
GrupoS,028,0,0
GrupoS,029,0,0
GrupoS,030,0,0
GrupoS,031,0,0
GrupoS,032,0,0
GrupoS,033,0,0
GrupoS,034,0,0
GrupoS,035,0,0
GrupoS,036,0,0
GrupoS,037,0,0
GrupoS,038,0,0
GrupoS,039,0,0
GrupoS,040,0,0
GrupoS,041,0,0
GrupoS,042,0,0
GrupoS,043,0,0
GrupoS,044,0,0
GrupoS,045,0,0
GrupoS,046,0,0
GrupoS,047,0,0
GrupoS,048,0,0
GrupoS,049,0,0
GrupoS,050,0,0
GrupoS,051,0,0
GrupoS,052,0,0
GrupoS,053,0,0
GrupoS,054,0,0
GrupoS,055,0,0
GrupoS,056,0,0
GrupoS,057,0,0
GrupoS,058,0,0
GrupoS,059,0,0
GrupoS,060,0,0
GrupoS,061,0,0
GrupoS,062,0,0
GrupoS,063,0,0
GrupoS,064,0,0
GrupoS,065,0,0
GrupoS,066,0,0
GrupoS,067,0,0
GrupoS,068,0,0
GrupoS,069,0,0
GrupoS,070,0,0
GrupoS,071,0,0
GrupoS,072,0,0
GrupoS,073,0,0
GrupoS,074,0,0
GrupoS,075,0,0
GrupoS,076,0,0
GrupoS,077,0,0
GrupoS,078,0,0
GrupoS,079,0,0
GrupoS,080,0,0
GrupoS,085,0,0
GrupoS,086,0,0
GrupoS,089,0,0
GrupoS,090,0,0
GrupoS,092,0,0
GrupoS,093,0,0
GrupoS,094,0,0
GrupoS,095,0,0
GrupoS,096,0,0
GrupoS,097,0,0
GrupoS,098,0,0
GrupoS,099,0,0
GrupoS,100,0,1
GrupoS,101,0,0
GrupoS,102,0,0
GrupoS,103,0,0
GrupoS,104,0,0
GrupoT,001,0,0
GrupoT,002,0,0
GrupoT,003,0,0
GrupoT,004,0,0
GrupoT,005,0,0
GrupoT,006,0,0
GrupoT,007,0,0
GrupoT,008,0,0
GrupoT,009,0,0
GrupoT,010,0,0
GrupoT,011,0,0
GrupoT,012,0,0
GrupoT,013,0,0
GrupoT,014,0,0
GrupoT,015,0,0
GrupoT,016,0,0
GrupoT,017,0,0
GrupoT,018,0,0
GrupoT,019,0,0
GrupoT,020,0,0
GrupoT,021,0,0
GrupoT,022,0,0
GrupoT,023,0,0
GrupoT,024,0,0
GrupoT,025,0,0
GrupoT,026,0,0
GrupoT,027,0,0
GrupoT,028,0,0
GrupoT,029,0,0
GrupoT,030,0,0
GrupoT,031,0,0
GrupoT,032,0,0
GrupoT,033,0,0
GrupoT,034,0,0
GrupoT,035,0,0
GrupoT,036,0,0
GrupoT,037,0,0
GrupoT,038,0,0
GrupoT,039,0,0
GrupoT,040,0,0
GrupoT,041,0,0
GrupoT,042,0,0
GrupoT,043,0,0
GrupoT,044,0,0
GrupoT,045,0,0
GrupoT,046,0,0
GrupoT,047,0,0
GrupoT,048,0,0
GrupoT,049,0,0
GrupoT,050,0,0
GrupoT,051,0,0
GrupoT,052,0,0
GrupoT,053,0,0
GrupoT,054,0,0
GrupoT,055,0,0
GrupoT,056,0,0
GrupoT,057,0,0
GrupoT,058,0,1
GrupoT,059,0,1
GrupoT,060,0,1
GrupoT,061,0,0
GrupoT,062,0,0
GrupoT,063,0,0
GrupoT,064,0,0
GrupoT,065,0,0
GrupoT,066,0,0
GrupoT,067,0,0
GrupoT,068,0,0
GrupoT,069,0,0
GrupoT,070,0,0
GrupoT,071,0,0
GrupoT,072,0,0
GrupoT,073,0,0
GrupoT,074,0,0
GrupoT,075,0,0
GrupoT,076,0,0
GrupoT,077,0,0
GrupoT,078,0,0
GrupoT,079,0,0
GrupoT,080,0,0
GrupoT,085,0,0
GrupoT,086,0,0
GrupoT,089,0,0
GrupoT,090,0,0
GrupoT,092,0,0
GrupoT,093,0,0
GrupoT,094,0,0
GrupoT,095,0,0
GrupoT,096,0,0
GrupoT,097,0,0
GrupoT,098,0,0
GrupoT,099,0,0
GrupoT,100,0,0
GrupoT,101,0,0
GrupoT,102,0,0
GrupoT,103,0,1
GrupoT,104,0,0
GrupoV,001,0,0
GrupoV,002,0,0
GrupoV,003,0,0
GrupoV,004,0,0
GrupoV,005,0,0
GrupoV,006,0,0
GrupoV,007,0,0
GrupoV,008,0,0
GrupoV,009,0,0
GrupoV,010,0,0
GrupoV,011,0,0
GrupoV,012,0,0
GrupoV,013,0,0
GrupoV,014,0,0
GrupoV,015,0,0
GrupoV,016,0,0
GrupoV,017,0,0
GrupoV,018,0,0
GrupoV,019,0,0
GrupoV,020,0,0
GrupoV,021,0,0
GrupoV,022,0,0
GrupoV,023,0,0
GrupoV,024,0,0
GrupoV,025,0,0
GrupoV,026,0,0
GrupoV,027,0,0
GrupoV,028,0,0
GrupoV,029,0,0
GrupoV,030,0,0
GrupoV,031,0,0
GrupoV,032,0,0
GrupoV,033,0,0
GrupoV,034,0,0
GrupoV,035,0,0
GrupoV,036,0,0
GrupoV,037,0,0
GrupoV,038,0,0
GrupoV,039,0,0
GrupoV,040,0,0
GrupoV,041,0,0
GrupoV,042,0,0
GrupoV,043,0,0
GrupoV,044,0,0
GrupoV,045,0,0
GrupoV,046,0,0
GrupoV,047,0,0
GrupoV,048,0,0
GrupoV,049,0,0
GrupoV,050,0,0
GrupoV,051,0,0
GrupoV,052,0,0
GrupoV,053,0,0
GrupoV,054,0,0
GrupoV,055,0,0
GrupoV,056,0,0
GrupoV,057,0,0
GrupoV,058,0,0
GrupoV,059,0,0
GrupoV,060,0,0
GrupoV,061,0,0
GrupoV,062,0,0
GrupoV,063,0,1
GrupoV,064,0,0
GrupoV,065,0,0
GrupoV,066,0,1
GrupoV,067,0,0
GrupoV,068,0,0
GrupoV,069,0,1
GrupoV,070,0,1
GrupoV,071,0,1
GrupoV,072,0,0
GrupoV,073,0,0
GrupoV,074,0,0
GrupoV,075,0,0
GrupoV,076,0,0
GrupoV,077,0,0
GrupoV,078,0,0
GrupoV,079,0,0
GrupoV,080,0,0
GrupoV,085,0,0
GrupoV,086,0,0
GrupoV,089,0,0
GrupoV,090,0,0
GrupoV,092,0,1
GrupoV,093,0,0
GrupoV,094,0,1
GrupoV,095,0,0
GrupoV,096,0,1
GrupoV,097,0,1
GrupoV,098,0,1
GrupoV,099,0,1
GrupoV,100,0,1
GrupoV,101,0,0
GrupoV,102,0,0
GrupoV,103,0,0
GrupoV,104,0,1
GrupoW,001,0,0
GrupoW,002,0,0
GrupoW,003,0,0
GrupoW,004,0,0
GrupoW,005,0,0
GrupoW,006,0,0
GrupoW,007,0,0
GrupoW,008,0,0
GrupoW,009,0,0
GrupoW,010,0,0
GrupoW,011,0,0
GrupoW,012,0,0
GrupoW,013,0,0
GrupoW,014,0,0
GrupoW,015,0,0
GrupoW,016,0,0
GrupoW,017,0,0
GrupoW,018,0,0
GrupoW,019,0,0
GrupoW,020,0,0
GrupoW,021,0,0
GrupoW,022,0,0
GrupoW,023,0,0
GrupoW,024,0,0
GrupoW,025,0,0
GrupoW,026,0,0
GrupoW,027,0,0
GrupoW,028,0,0
GrupoW,029,0,0
GrupoW,030,0,0
GrupoW,031,0,0
GrupoW,032,0,0
GrupoW,033,0,0
GrupoW,034,0,0
GrupoW,035,0,0
GrupoW,036,0,0
GrupoW,037,0,0
GrupoW,038,0,0
GrupoW,039,0,0
GrupoW,040,0,0
GrupoW,041,0,0
GrupoW,042,0,0
GrupoW,043,0,0
GrupoW,044,0,0
GrupoW,045,0,0
GrupoW,046,0,0
GrupoW,047,0,0
GrupoW,048,0,0
GrupoW,049,0,0
GrupoW,050,0,0
GrupoW,051,0,0
GrupoW,052,0,0
GrupoW,053,0,0
GrupoW,054,0,0
GrupoW,055,0,0
GrupoW,056,0,0
GrupoW,057,0,0
GrupoW,058,0,0
GrupoW,059,0,0
GrupoW,060,0,0
GrupoW,061,0,0
GrupoW,062,0,0
GrupoW,063,0,0
GrupoW,064,0,0
GrupoW,065,0,0
GrupoW,066,0,0
GrupoW,067,0,0
GrupoW,068,0,0
GrupoW,069,0,0
GrupoW,070,0,0
GrupoW,071,0,0
GrupoW,072,0,0
GrupoW,073,0,0
GrupoW,074,0,0
GrupoW,075,0,0
GrupoW,076,0,0
GrupoW,077,0,0
GrupoW,078,0,0
GrupoW,079,0,0
GrupoW,080,0,0
GrupoW,085,0,0
GrupoW,086,0,0
GrupoW,089,0,0
GrupoW,090,0,0
GrupoW,092,0,0
GrupoW,093,0,0
GrupoW,094,0,0
GrupoW,095,0,0
GrupoW,096,0,0
GrupoW,097,0,0
GrupoW,098,0,0
GrupoW,099,0,0
GrupoW,100,0,0
GrupoW,101,0,0
GrupoW,102,0,0
GrupoW,103,0,0
GrupoW,104,0,0
GrupoX,001,0,0
GrupoX,002,0,0
GrupoX,003,0,0
GrupoX,004,0,0
GrupoX,005,0,0
GrupoX,006,0,0
GrupoX,007,0,0
GrupoX,008,0,0
GrupoX,009,0,0
GrupoX,010,0,0
GrupoX,011,0,0
GrupoX,012,0,0
GrupoX,013,0,0
GrupoX,014,0,0
GrupoX,015,0,0
GrupoX,016,0,0
GrupoX,017,0,0
GrupoX,018,0,0
GrupoX,019,0,0
GrupoX,020,0,0
GrupoX,021,0,0
GrupoX,022,0,0
GrupoX,023,0,0
GrupoX,024,0,0
GrupoX,025,0,0
GrupoX,026,0,0
GrupoX,027,0,0
GrupoX,028,0,0
GrupoX,029,0,0
GrupoX,030,0,0
GrupoX,031,0,0
GrupoX,032,0,0
GrupoX,033,0,0
GrupoX,034,0,0
GrupoX,035,0,0
GrupoX,036,0,0
GrupoX,037,0,0
GrupoX,038,0,0
GrupoX,039,0,0
GrupoX,040,0,0
GrupoX,041,0,0
GrupoX,042,0,0
GrupoX,043,0,0
GrupoX,044,0,0
GrupoX,045,0,0
GrupoX,046,0,0
GrupoX,047,0,0
GrupoX,048,0,0
GrupoX,049,0,0
GrupoX,050,0,0
GrupoX,051,0,0
GrupoX,052,0,0
GrupoX,053,0,0
GrupoX,054,0,0
GrupoX,055,0,0
GrupoX,056,0,0
GrupoX,057,0,0
GrupoX,058,0,0
GrupoX,059,0,0
GrupoX,060,0,0
GrupoX,061,0,0
GrupoX,062,0,0
GrupoX,063,0,0
GrupoX,064,0,0
GrupoX,065,0,0
GrupoX,066,0,0
GrupoX,067,0,0
GrupoX,068,0,0
GrupoX,069,0,0
GrupoX,070,0,0
GrupoX,071,0,0
GrupoX,072,0,0
GrupoX,073,0,0
GrupoX,074,0,0
GrupoX,075,0,0
GrupoX,076,0,0
GrupoX,077,0,0
GrupoX,078,0,0
GrupoX,079,0,0
GrupoX,080,0,0
GrupoX,085,0,0
GrupoX,086,0,0
GrupoX,089,0,0
GrupoX,090,0,0
GrupoX,092,0,0
GrupoX,093,0,0
GrupoX,094,0,0
GrupoX,095,0,0
GrupoX,096,0,0
GrupoX,097,0,0
GrupoX,098,0,0
GrupoX,099,0,0
GrupoX,100,0,0
GrupoX,101,0,0
GrupoX,102,0,0
GrupoX,103,0,0
GrupoX,104,0,0
GrupoY,001,0,0
GrupoY,002,0,0
GrupoY,003,0,0
GrupoY,004,0,0
GrupoY,005,0,0
GrupoY,006,0,0
GrupoY,007,0,0
GrupoY,008,0,0
GrupoY,009,0,0
GrupoY,010,0,0
GrupoY,011,0,0
GrupoY,012,0,0
GrupoY,013,0,0
GrupoY,014,0,0
GrupoY,015,0,0
GrupoY,016,0,0
GrupoY,017,0,0
GrupoY,018,0,0
GrupoY,019,0,0
GrupoY,020,0,0
GrupoY,021,0,0
GrupoY,022,0,0
GrupoY,023,0,0
GrupoY,024,0,0
GrupoY,025,0,0
GrupoY,026,0,0
GrupoY,027,0,0
GrupoY,028,0,0
GrupoY,029,0,0
GrupoY,030,0,0
GrupoY,031,0,0
GrupoY,032,0,0
GrupoY,033,0,0
GrupoY,034,0,0
GrupoY,035,0,0
GrupoY,036,0,0
GrupoY,037,0,0
GrupoY,038,0,0
GrupoY,039,0,0
GrupoY,040,0,0
GrupoY,041,0,0
GrupoY,042,0,0
GrupoY,043,0,0
GrupoY,044,0,0
GrupoY,045,0,0
GrupoY,046,0,0
GrupoY,047,0,0
GrupoY,048,0,0
GrupoY,049,0,0
GrupoY,050,0,0
GrupoY,051,0,0
GrupoY,052,0,0
GrupoY,053,0,0
GrupoY,054,0,1
GrupoY,055,0,1
GrupoY,056,0,0
GrupoY,057,0,0
GrupoY,058,0,1
GrupoY,059,0,1
GrupoY,060,0,1
GrupoY,061,0,0
GrupoY,062,0,0
GrupoY,063,0,0
GrupoY,064,0,0
GrupoY,065,0,0
GrupoY,066,0,0
GrupoY,067,0,0
GrupoY,068,0,0
GrupoY,069,0,0
GrupoY,070,0,0
GrupoY,071,0,0
GrupoY,072,0,1
GrupoY,073,0,1
GrupoY,074,0,1
GrupoY,075,0,1
GrupoY,076,0,1
GrupoY,077,0,1
GrupoY,078,0,1
GrupoY,079,0,0
GrupoY,080,0,0
GrupoY,085,0,0
GrupoY,086,0,0
GrupoY,089,0,0
GrupoY,090,0,1
GrupoY,092,0,0
GrupoY,093,0,1
GrupoY,094,0,0
GrupoY,095,0,1
GrupoY,096,0,0
GrupoY,097,0,0
GrupoY,098,0,1
GrupoY,099,0,1
GrupoY,100,0,1
GrupoY,101,0,0
GrupoY,102,0,1
GrupoY,103,0,1
GrupoY,104,0,1
GrupoZ,001,0,0
GrupoZ,002,0,0
GrupoZ,003,0,0
GrupoZ,004,0,0
GrupoZ,005,0,0
GrupoZ,006,0,0
GrupoZ,007,0,0
GrupoZ,008,0,0
GrupoZ,009,0,0
GrupoZ,010,0,0
GrupoZ,011,0,0
GrupoZ,012,0,0
GrupoZ,013,0,0
GrupoZ,014,0,0
GrupoZ,015,0,0
GrupoZ,016,0,0
GrupoZ,017,0,0
GrupoZ,018,0,0
GrupoZ,019,0,0
GrupoZ,020,0,0
GrupoZ,021,0,0
GrupoZ,022,0,0
GrupoZ,023,0,0
GrupoZ,024,0,0
GrupoZ,025,0,0
GrupoZ,026,0,0
GrupoZ,027,0,0
GrupoZ,028,0,0
GrupoZ,029,0,0
GrupoZ,030,0,0
GrupoZ,031,0,0
GrupoZ,032,0,0
GrupoZ,033,0,0
GrupoZ,034,0,0
GrupoZ,035,0,0
GrupoZ,036,0,0
GrupoZ,037,0,0
GrupoZ,038,0,0
GrupoZ,039,0,0
GrupoZ,040,0,0
GrupoZ,041,0,0
GrupoZ,042,0,0
GrupoZ,043,0,0
GrupoZ,044,0,0
GrupoZ,045,0,0
GrupoZ,046,0,0
GrupoZ,047,0,0
GrupoZ,048,0,0
GrupoZ,049,0,0
GrupoZ,050,0,0
GrupoZ,051,0,0
GrupoZ,052,0,0
GrupoZ,053,0,0
GrupoZ,054,0,0
GrupoZ,055,0,0
GrupoZ,056,0,0
GrupoZ,057,0,0
GrupoZ,058,0,0
GrupoZ,059,0,0
GrupoZ,060,0,0
GrupoZ,061,0,0
GrupoZ,062,0,0
GrupoZ,063,0,0
GrupoZ,064,0,0
GrupoZ,065,0,0
GrupoZ,066,0,0
GrupoZ,067,0,0
GrupoZ,068,0,0
GrupoZ,069,0,0
GrupoZ,070,0,0
GrupoZ,071,0,0
GrupoZ,072,0,0
GrupoZ,073,0,0
GrupoZ,074,0,0
GrupoZ,075,0,0
GrupoZ,076,0,0
GrupoZ,077,0,0
GrupoZ,078,0,0
GrupoZ,079,0,0
GrupoZ,080,0,0
GrupoZ,085,0,0
GrupoZ,086,0,0
GrupoZ,089,0,0
GrupoZ,090,0,0
GrupoZ,092,0,0
GrupoZ,093,0,0
GrupoZ,094,0,0
GrupoZ,095,0,0
GrupoZ,096,0,0
GrupoZ,097,0,0
GrupoZ,098,0,1
GrupoZ,099,0,1
GrupoZ,100,0,0
GrupoZ,101,0,0
GrupoZ,102,0,0
GrupoZ,103,0,0
GrupoZ,104,0,0
