Grupo,Test,Command,Result
GrupoA,26,TRUE,FALSE
GrupoA,78,TRUE,FALSE
GrupoA,79,TRUE,FALSE
GrupoB,102,TRUE,FALSE
GrupoC,72,TRUE,FALSE
GrupoC,73,TRUE,FALSE
GrupoC,89,TRUE,FALSE
GrupoC,93,TRUE,FALSE
GrupoD,31,TRUE,FALSE
GrupoD,32,TRUE,FALSE
GrupoD,43,TRUE,FALSE
GrupoD,44,TRUE,FALSE
GrupoD,46,TRUE,FALSE
GrupoD,58,TRUE,FALSE
GrupoD,59,TRUE,FALSE
GrupoD,60,TRUE,FALSE
GrupoD,74,TRUE,FALSE
GrupoD,75,TRUE,FALSE
GrupoD,76,TRUE,FALSE
GrupoD,78,TRUE,FALSE
GrupoD,79,TRUE,FALSE
GrupoD,80,TRUE,FALSE
GrupoD,90,TRUE,FALSE
GrupoD,96,TRUE,FALSE
GrupoD,97,TRUE,FALSE
GrupoD,98,TRUE,FALSE
GrupoD,99,TRUE,FALSE
GrupoD,100,TRUE,FALSE
GrupoD,102,TRUE,FALSE
GrupoD,103,TRUE,FALSE
GrupoE,31,TRUE,FALSE
GrupoE,32,TRUE,FALSE
GrupoE,42,TRUE,FALSE
GrupoE,45,TRUE,FALSE
GrupoE,47,TRUE,FALSE
GrupoE,58,TRUE,FALSE
GrupoE,59,TRUE,FALSE
GrupoE,60,TRUE,FALSE
GrupoE,62,TRUE,FALSE
GrupoE,63,TRUE,FALSE
GrupoE,65,TRUE,FALSE
GrupoE,66,TRUE,FALSE
GrupoE,74,TRUE,FALSE
GrupoE,77,TRUE,FALSE
GrupoE,78,TRUE,FALSE
GrupoE,96,TRUE,FALSE
GrupoE,97,TRUE,FALSE
GrupoE,98,TRUE,FALSE
GrupoE,99,TRUE,FALSE
GrupoE,103,TRUE,FALSE
GrupoE,104,TRUE,FALSE
GrupoF,98,TRUE,FALSE
GrupoF,99,TRUE,FALSE
GrupoF,100,TRUE,FALSE
GrupoF,104,TRUE,FALSE
GrupoG,98,TRUE,FALSE
GrupoG,99,TRUE,FALSE
GrupoJ,92,TRUE,FALSE
GrupoK,31,TRUE,FALSE
GrupoK,32,TRUE,FALSE
GrupoK,43,TRUE,FALSE
GrupoK,44,TRUE,FALSE
GrupoK,46,TRUE,FALSE
GrupoK,58,TRUE,FALSE
GrupoK,59,TRUE,FALSE
GrupoK,60,TRUE,FALSE
GrupoK,65,TRUE,FALSE
GrupoK,66,TRUE,FALSE
GrupoK,72,TRUE,FALSE
GrupoK,73,TRUE,FALSE
GrupoK,75,TRUE,FALSE
GrupoK,76,TRUE,FALSE
GrupoK,78,TRUE,FALSE
GrupoK,79,TRUE,FALSE
GrupoK,80,TRUE,FALSE
GrupoK,89,TRUE,FALSE
GrupoK,90,TRUE,FALSE
GrupoK,93,TRUE,FALSE
GrupoK,94,TRUE,FALSE
GrupoK,96,TRUE,FALSE
GrupoK,97,TRUE,FALSE
GrupoK,98,TRUE,FALSE
GrupoK,99,TRUE,FALSE
GrupoK,100,TRUE,FALSE
GrupoK,103,TRUE,FALSE
GrupoK,104,TRUE,FALSE
GrupoL,62,TRUE,FALSE
GrupoL,63,TRUE,FALSE
GrupoL,65,TRUE,FALSE
GrupoL,66,TRUE,FALSE
GrupoL,75,TRUE,FALSE
GrupoL,96,TRUE,FALSE
GrupoL,97,TRUE,FALSE
GrupoL,99,TRUE,FALSE
GrupoL,102,TRUE,FALSE
GrupoM,38,TRUE,FALSE
GrupoM,78,TRUE,FALSE
GrupoM,79,TRUE,FALSE
GrupoM,95,TRUE,FALSE
GrupoM,102,TRUE,FALSE
GrupoQ,62,TRUE,FALSE
GrupoQ,63,TRUE,FALSE
GrupoQ,65,TRUE,FALSE
GrupoQ,66,TRUE,FALSE
GrupoQ,94,TRUE,FALSE
GrupoQ,96,TRUE,FALSE
GrupoQ,97,TRUE,FALSE
GrupoQ,99,TRUE,FALSE
GrupoQ,100,TRUE,FALSE
GrupoS,100,TRUE,FALSE
GrupoT,58,TRUE,FALSE
GrupoT,59,TRUE,FALSE
GrupoT,60,TRUE,FALSE
GrupoT,103,TRUE,FALSE
GrupoV,63,TRUE,FALSE
GrupoV,66,TRUE,FALSE
GrupoV,69,TRUE,FALSE
GrupoV,70,TRUE,FALSE
GrupoV,71,TRUE,FALSE
GrupoV,92,TRUE,FALSE
GrupoV,94,TRUE,FALSE
GrupoV,96,TRUE,FALSE
GrupoV,97,TRUE,FALSE
GrupoV,98,TRUE,FALSE
GrupoV,99,TRUE,FALSE
GrupoV,100,TRUE,FALSE
GrupoV,104,TRUE,FALSE
GrupoY,54,TRUE,FALSE
GrupoY,55,TRUE,FALSE
GrupoY,58,TRUE,FALSE
GrupoY,59,TRUE,FALSE
GrupoY,60,TRUE,FALSE
GrupoY,72,TRUE,FALSE
GrupoY,73,TRUE,FALSE
GrupoY,74,TRUE,FALSE
GrupoY,75,TRUE,FALSE
GrupoY,76,TRUE,FALSE
GrupoY,77,TRUE,FALSE
GrupoY,78,TRUE,FALSE
GrupoY,90,TRUE,FALSE
GrupoY,93,TRUE,FALSE
GrupoY,95,TRUE,FALSE
GrupoY,98,TRUE,FALSE
GrupoY,99,TRUE,FALSE
GrupoY,100,TRUE,FALSE
GrupoY,102,TRUE,FALSE
GrupoY,103,TRUE,FALSE
GrupoY,104,TRUE,FALSE
GrupoZ,98,TRUE,FALSE
GrupoZ,99,TRUE,FALSE
